{
    "code": 0,
    "data": {
        "totalSize": 11,
        "orgs": [
            {
                "abbreviation": "中冶赛迪",
                "avatar": "https://avatarcdn.qingtui.im/d4b3e7a0efa54af5ac96f783b3890199.jpg@!84x",
                "companyName": "公司名称",
                "id": "111",
                "label": "世界500强 工程技术服务集团"
            },
            {
                "abbreviation": "中冶赛迪",
                "avatar": "https://avatarcdn.qingtui.im/d4b3e7a0efa54af5ac96f783b3890199.jpg@!84x",
                "companyName": "公司名称",
                "id": "111",
                "label": "世界500强 工程技术服务集团"
            },
            {
                "abbreviation": "HCI",
                "avatar": "https://avatarcdn.qingtui.im/d4b3e7a0efa54af5ac96f783b3890199.jpg@!84x",
                "companyName": "公司名称",
                "id": "111",
                "label": "中外合资 高端咨询"
            },
            {
                "abbreviation": "HCI",
                "avatar": "https://avatarcdn.qingtui.im/d4b3e7a0efa54af5ac96f783b3890199.jpg@!84x",
                "companyName": "公司名称",
                "id": "111",
                "label": "中外合资 高端咨询"
            },
            {
                "abbreviation": "HCI",
                "avatar": "https://avatarcdn.qingtui.im/d4b3e7a0efa54af5ac96f783b3890199.jpg@!84x",
                "companyName": "公司名称",
                "id": "111",
                "label": "中外合资 高端咨询"
            },
            {
                "abbreviation": "HCI",
                "avatar": "https://avatarcdn.qingtui.im/d4b3e7a0efa54af5ac96f783b3890199.jpg@!84x",
                "companyName": "公司名称",
                "id": "111",
                "label": "中外合资 高端咨询"
            },
            {
                "abbreviation": "HCI",
                "avatar": "https://avatarcdn.qingtui.im/d4b3e7a0efa54af5ac96f783b3890199.jpg@!84x",
                "companyName": "公司名称",
                "id": "111",
                "label": "中外合资 高端咨询"
            },
            {
                "abbreviation": "HCI",
                "avatar": "https://avatarcdn.qingtui.im/d4b3e7a0efa54af5ac96f783b3890199.jpg@!84x",
                "companyName": "公司名称",
                "id": "111",
                "label": "中外合资 高端咨询"
            },
            {
                "abbreviation": "HCI",
                "avatar": "https://avatarcdn.qingtui.im/d4b3e7a0efa54af5ac96f783b3890199.jpg@!84x",
                "companyName": "公司名称",
                "id": "111",
                "label": "中外合资 高端咨询"
            },
            {
                "abbreviation": "HCI",
                "avatar": "https://avatarcdn.qingtui.im/d4b3e7a0efa54af5ac96f783b3890199.jpg@!84x",
                "companyName": "公司名称",
                "id": "111",
                "label": "中外合资 高端咨询"
            },
            {
                "abbreviation": "出口加工区",
                "avatar": "https://avatarcdn.qingtui.im/d4b3e7a0efa54af5ac96f783b3890199.jpg@!84x",
                "companyName": "公司名称",
                "id": "111",
                "label": "中外合资 高端咨询"
            }
        ]
    },
    "message": "测试内容4yo8"
}