{
    "code": 10888,
    "data": {
        "totalSize": 11,
        "users": [
            {
                "avatar": "https://avatarcdn.qingtui.im/d4b3e7a0efa54af5ac96f783b3890199.jpg@!84x",
                "id": "测试内容o05s",
                "mobile": "测试内容lk8t",
                "userName": "庄姜",
                "comment": "个人描述"
            },
            {
                "avatar": "https://avatarcdn.qingtui.im/d4b3e7a0efa54af5ac96f783b3890199.jpg@!84x",
                "id": "测试内容o05s",
                "mobile": "测试内容lk8t",
                "userName": "测试内容3izc",
                "comment": "个人描述"
            },
            {
                "avatar": "https://avatarcdn.qingtui.im/d4b3e7a0efa54af5ac96f783b3890199.jpg@!84x",
                "id": "测试内容o05s",
                "mobile": "测试内容lk8t",
                "userName": "测试内容3izc",
                "comment": "个人描述"
            },
            {
                "avatar": "https://avatarcdn.qingtui.im/d4b3e7a0efa54af5ac96f783b3890199.jpg@!84x",
                "id": "测试内容o05s",
                "mobile": "测试内容lk8t",
                "userName": "测试内容3izc",
                "comment": "个人描述"
            },
            {
                "avatar": "https://avatarcdn.qingtui.im/d4b3e7a0efa54af5ac96f783b3890199.jpg@!84x",
                "id": "测试内容o05s",
                "mobile": "测试内容lk8t",
                "userName": "测试内容3izc",
                "comment": "个人描述"
            },
            {
                "avatar": "https://avatarcdn.qingtui.im/d4b3e7a0efa54af5ac96f783b3890199.jpg@!84x",
                "id": "测试内容o05s",
                "mobile": "测试内容lk8t",
                "userName": "测试内容3izc",
                "comment": "个人描述"
            },
            {
                "avatar": "https://avatarcdn.qingtui.im/d4b3e7a0efa54af5ac96f783b3890199.jpg@!84x",
                "id": "测试内容o05s",
                "mobile": "测试内容lk8t",
                "userName": "测试内容3izc",
                "comment": "个人描述"
            },
            {
                "avatar": "https://avatarcdn.qingtui.im/d4b3e7a0efa54af5ac96f783b3890199.jpg@!84x",
                "id": "测试内容o05s",
                "mobile": "测试内容lk8t",
                "userName": "测试内容3izc",
                "comment": "个人描述"
            },
            {
                "avatar": "https://avatarcdn.qingtui.im/d4b3e7a0efa54af5ac96f783b3890199.jpg@!84x",
                "id": "测试内容o05s",
                "mobile": "测试内容lk8t",
                "userName": "测试内容3izc",
                "comment": "个人描述"
            },
            {
                "avatar": "https://avatarcdn.qingtui.im/d4b3e7a0efa54af5ac96f783b3890199.jpg@!84x",
                "id": "测试内容o05s",
                "mobile": "测试内容lk8t",
                "userName": "测试内容3izc",
                "comment": "个人描述"
            },
            {
                "avatar": "https://avatarcdn.qingtui.im/d4b3e7a0efa54af5ac96f783b3890199.jpg@!84x",
                "id": "测试内容o05s",
                "mobile": "测试内容lk8t",
                "userName": "元璋",
                "comment": "个人描述"
            }
        ]
    },
    "message": "测试内容8u32"
}