{
    "code": 0,
    "data": {
        "totalSize": 11,
        "users": [
            {
                "avatar": "https://avatarcdn.qingtui.im/d4b3e7a0efa54af5ac96f783b3890199.jpg@!84x",
                "isFocus": false,
                "mobile": "11111111111",
                "userId": "测试内容7gb9",
                "userName": "飞燕",
                "comment": "个人描述"
            },
            {
                "avatar": "https://avatarcdn.qingtui.im/d4b3e7a0efa54af5ac96f783b3890199.jpg@!84x",
                "isFocus": false,
                "mobile": "11111111111",
                "userId": "测试内容7gb9",
                "userName": "伯牙",
                "comment": "个人描述"
            },
            {
                "avatar": "https://avatarcdn.qingtui.im/d4b3e7a0efa54af5ac96f783b3890199.jpg@!84x",
                "isFocus": true,
                "mobile": "11111111111",
                "userId": "测试内容7gb9",
                "userName": "绿衣",
                "comment": "个人描述"
            },
            {
                "avatar": "https://avatarcdn.qingtui.im/d4b3e7a0efa54af5ac96f783b3890199.jpg@!84x",
                "isFocus": true,
                "mobile": "11111111111",
                "userId": "测试内容7gb9",
                "userName": "绿衣",
                "comment": "个人描述"
            },
            {
                "avatar": "https://avatarcdn.qingtui.im/d4b3e7a0efa54af5ac96f783b3890199.jpg@!84x",
                "isFocus": true,
                "mobile": "11111111111",
                "userId": "测试内容7gb9",
                "userName": "绿衣",
                "comment": "个人描述"
            },
            {
                "avatar": "https://avatarcdn.qingtui.im/d4b3e7a0efa54af5ac96f783b3890199.jpg@!84x",
                "isFocus": true,
                "mobile": "11111111111",
                "userId": "测试内容7gb9",
                "userName": "绿衣",
                "comment": "个人描述"
            },
            {
                "avatar": "https://avatarcdn.qingtui.im/d4b3e7a0efa54af5ac96f783b3890199.jpg@!84x",
                "isFocus": true,
                "mobile": "11111111111",
                "userId": "测试内容7gb9",
                "userName": "绿衣",
                "comment": "个人描述"
            },
            {
                "avatar": "https://avatarcdn.qingtui.im/d4b3e7a0efa54af5ac96f783b3890199.jpg@!84x",
                "isFocus": true,
                "mobile": "11111111111",
                "userId": "测试内容7gb9",
                "userName": "绿衣",
                "comment": "个人描述"
            },
            {
                "avatar": "https://avatarcdn.qingtui.im/d4b3e7a0efa54af5ac96f783b3890199.jpg@!84x",
                "isFocus": true,
                "mobile": "11111111111",
                "userId": "测试内容7gb9",
                "userName": "绿衣",
                "comment": "个人描述"
            },
            {
                "avatar": "https://avatarcdn.qingtui.im/d4b3e7a0efa54af5ac96f783b3890199.jpg@!84x",
                "isFocus": true,
                "mobile": "11111111111",
                "userId": "测试内容7gb9",
                "userName": "绿衣",
                "comment": "个人描述"
            },
            {
                "avatar": "https://avatarcdn.qingtui.im/d4b3e7a0efa54af5ac96f783b3890199.jpg@!84x",
                "isFocus": true,
                "mobile": "11111111111",
                "userId": "测试内容7gb9",
                "userName": "绿衣",
                "comment": "个人描述"
            },
            {
                "avatar": "https://avatarcdn.qingtui.im/d4b3e7a0efa54af5ac96f783b3890199.jpg@!84x",
                "isFocus": true,
                "mobile": "11111111111",
                "userId": "测试内容7gb9",
                "userName": "庄姜",
                "comment": "个人描述"
            }
        ]
    },
    "message": "测试内容06p8"
}