{
    "code": 0,
    "data": [
        {
            "orgList": {
                "abbreviation": "测试内容873o",
                "avatar": "https: //avatarcdn.qingtui.im/d4b3e7a0efa54af5ac96f783b3890199.jpg@!84x",
                "companyName": "测试内容8ei0",
                "historyId": "测试内容u741",
                "label": "测试内容j135",
                "orgId": "测试内容7uuh"
            },
            "totalSize": 11
        }
    ],
    "message": "测试内容yk9w"
}