{
    "code": 0,
    "data": {
        "list": [
            {
                "income": 32346,
                "price": 36781,
                "shareId": "测试内容nck0",
                "title": "测试内容ef45"
            },
            {
                "income": 32346,
                "price": 36781,
                "shareId": "测试内容nck0",
                "title": "测试内容ef45"
            },
            {
                "income": 32346,
                "price": 36781,
                "shareId": "测试内容nck0",
                "title": "测试内容ef45"
            },
            {
                "income": 32346,
                "price": 36781,
                "shareId": "测试内容nck0",
                "title": "测试内容ef45"
            },
            {
                "income": 32346,
                "price": 36781,
                "shareId": "测试内容nck0",
                "title": "测试内容ef45"
            },
            {
                "income": 32346,
                "price": 36781,
                "shareId": "测试内容nck0",
                "title": "测试内容ef45"
            },
            {
                "income": 32346,
                "price": 36781,
                "shareId": "测试内容nck0",
                "title": "测试内容ef45"
            },
            {
                "income": 32346,
                "price": 36781,
                "shareId": "测试内容nck0",
                "title": "测试内容ef45"
            },
            {
                "income": 32346,
                "price": 36781,
                "shareId": "测试内容nck0",
                "title": "测试内容ef45"
            }
        ],
        "totalSize": 11
    },
    "message": "测试内容47gb"
}