{
    "code": 0,
    "data": [
        {
            "shareList": [
                {
                    "historyId": "测试内容6e4r",
                    "identityId": "测试内容v0t7",
                    "identityName": "测试内容8en3",
                    "identityType": "测试内容vm65",
                    "introduction": "测试内容wd1y",
                    "price": 80367,
                    "shareId": "测试内容m9w8",
                    "title": "测试内容8xg2"
                }
            ],
            "totalSize": 11
        }
    ],
    "message": "测试内容136d"
}