{
  "Result": {
    "TotalCount": 0,
    "List": [
      {
        "BranchId": 0,
        "OrgId": 0,
        "ExercisesName": "string",
        "ExercisesId": 0,
        "ExercisesType": 0,
        "IsScoreAward": true,
        "PassAwardScore": 0,
        "SubjectScore": 0,
        "PassScore": 0,
        "Status": 0,
        "LimitedTime": 0,
        "HasLimitedTime": true,
        "CreateTime": "2018-07-07T02:02:48.859Z"
      },
      {
        "BranchId": 0,
        "OrgId": 0,
        "ExercisesName": "string",
        "ExercisesId": 1,
        "ExercisesType": 1,
        "IsScoreAward": true,
        "PassAwardScore": 0,
        "SubjectScore": 0,
        "PassScore": 0,
        "Status": 1,
        "LimitedTime": 0,
        "HasLimitedTime": true,
        "CreateTime": "2018-07-07T02:02:48.859Z"
      }
    ]
  },
  "DateTime": "2018-07-07T02:02:48.859Z",
  "Code": "00",
  "Message": "string"
}
